# userId, path
  Cd5pBXQg, /psychiatrist/barbarism/faker/glittery/reporter/
  rNM4Hpcy, /dimensionalportal/shirt/floater/
  DnWvZwdD, /jarofjelly/porkchop/woodpecker/alert/
  ZSHospDP, /recorder/
  ZSHospDP, /tingling/stranger/locust/card/
  wy29JVjY, /altruistic/severe/
  Cd5pBXQg, /hideout/impassioned/pumpernickel/hunger/lark/
  ZSHospDP, /dumb/imperfectjustice/hunchback/wise/
  p368q9cD, /fighting/
  dRoMZXTx, /baron/grumbling/
  1QdcPcRW, /calendar/joke/made-up/spirit/
  LUGrSrxP, /bodyguard/salad/fragile/ear/
  XO3ClU6Y, /aristocracy/
  NxmWpz6X, /bodyguard/salad/fragile/ear/
  LUGrSrxP, /droopy/lark/girdle/quick/railroad/
  SBg0sEvr, /abandonment/
  42rccElp, /lustrous/core/subway/
  i0YRCthw, /dwarf/imaginary/splendid/
  EGKw6DnE, /photorealism/peanut/bathroom/
  s3OomXk5, /recorder/
  Cd5pBXQg, /gentleman/battleground/
  Nu04SON2, /danger/concerthall/harpsichordist/crowd/
  DvautYtK, /loud/useful/enchanted/thick/field/
  esWbOclo, /trained/unique/
  rNM4Hpcy, /untried/cupboard/feather/
  JCNE69cO, /oracle/newspaper/
  esWbOclo, /sorrowful/sure-footed/trivial/chiropractor/thoughtful/
  1QdcPcRW, /indifference/creative/rusty/jaunty/technologicallyadvanced/
  SBg0sEvr, /unfit/used/penthouse/
  D0o88tYa, /untried/cupboard/feather/
  c2ACjNMD, /untried/cupboard/feather/
  D0o88tYa, /conflict/jaded/boxer/security/superior/
  4gE9MoAs, /camouflage/marketplace/merry/onion/
  7ZMnYWQY, /untried/cupboard/feather/
  u66wKrdk, /penny/floater/model/strident/
  brPhhsEX, /calendar/imperfectjustice/cleric/
  Cd5pBXQg, /theideaoffamily/natural/
  nEkp5IeK, /hideous/blind/moronic/
  mmYn1JEV, /photorealism/peanut/bathroom/
  1QdcPcRW, /departmentstore/chores/self-reliant/webbed/
  s3OomXk5, /cannonball/inferior/silky/puce/guardian/
  s3OomXk5, /sacred/apartmentcomplex/fickle/mature/concerning/
  nEkp5IeK, /unsteady/commercialism/nun/yellow/bastard/
  4gE9MoAs, /helper/magnificent/rat/courageous/
  G96YpFFE, /spy/somber/powerplant/card/penthouse/
  i0YRCthw, /trained/unique/
  shuDUcUh, /psychiatrist/barbarism/faker/glittery/reporter/
  vsEmXDME, /cheap/
  EGKw6DnE, /splendid/emotion/derivative/eruptingvolcano/
  brPhhsEX, /woozy/waterlogged/scout/bountiful/weird/
  XO3ClU6Y, /baseballplayer/face/guilt/liquor/flat/
  p368q9cD, /dwarf/imaginary/splendid/
  6QAqv1zx, /woozy/waterlogged/scout/bountiful/weird/
  zSLMzEuO, /dwarf/imaginary/splendid/
  SBg0sEvr, /plasmacreature/clever/
  ljZ5sCbI, /unpleasant/graph/
  rNM4Hpcy, /thoughtful/dinosaur/
  i0YRCthw, /woozy/waterlogged/scout/bountiful/weird/
  enMxrTDz, /crevasse/
  dRoMZXTx, /pretty/thirsty/duck/amazing/pitiful/
  esWbOclo, /helper/magnificent/rat/courageous/
  uVriMnRm, /camouflage/marketplace/merry/onion/
  el7ZXmJx, /Aristotelian/trust/plant/
  oowCap0a, /warped/courageous/genuine/
  nEkp5IeK, /calendar/joke/made-up/spirit/
  esWbOclo, /thoughtful/dinosaur/
  s3OomXk5, /bountiful/beautiful/
  LUGrSrxP, /unsteady/commercialism/nun/yellow/bastard/
  c2ACjNMD, /unwritten/host/
  zSLMzEuO, /hideout/impassioned/pumpernickel/hunger/lark/
  uVriMnRm, /lock/dictator/can/fixed/
  Bs7qrJmN, /woozy/waterlogged/scout/bountiful/weird/
  ZSHospDP, /gargantuan/designer/invader/
  1QdcPcRW, /itchy/issues/hero/
  u66wKrdk, /camouflage/marketplace/merry/onion/
  shuDUcUh, /dwarf/imaginary/splendid/
  shuDUcUh, /outsider/
  zSLMzEuO, /outsider/
  enMxrTDz, /gentleman/battleground/
  XO3ClU6Y, /dumb/imperfectjustice/hunchback/wise/
  uxzDYEFa, /god/vigorous/uncomfortable/
  shuDUcUh, /rag/coexistence/unripe/rusty/embezzlement/
  5uEvMmvF, /pleased/counselors/feel/
  EGKw6DnE, /mosquito/coward/strident/
  u66wKrdk, /cheap/
  JCNE69cO, /dimensionalportal/shirt/floater/
  6QAqv1zx, /jaded/lodge/judicious/anarchy/
  HrgPILjd, /loud/useful/enchanted/thick/field/
  ljZ5sCbI, /loving/
  LUGrSrxP, /danger/concerthall/harpsichordist/crowd/
  oowCap0a, /jaded/lodge/judicious/anarchy/
