# userId, username
  6QAqv1zx, colorlessfeather
  1QdcPcRW, pricklyjob
  p368q9cD, weirdbell
  5uEvMmvF, odiouskangaroo
  i0YRCthw, friendlysmile
  uVriMnRm, joyfulrifle
  zSLMzEuO, forkedrattle
  XO3ClU6Y, tepidmouse
  EGKw6DnE, illustrioussquirrel
  trktaVBi, well-documentedsaxophone
  hv8Yg1A1, evilquote
  c2ACjNMD, valuablelady
  u66wKrdk, dual-wieldingcrown
  s3OomXk5, usefulbear
  DvautYtK, silvercone
  el7ZXmJx, artistictuba
  JCNE69cO, icyjuggler
  ZSHospDP, profitablecaptain
  shuDUcUh, hugeclam
  dRoMZXTx, paledeveloper
  ljZ5sCbI, shortrobin
  dRHDdvip, trimvillager
  DnWvZwdD, expertwarrior
  brPhhsEX, terribleclient
  SBg0sEvr, sprycrusader
  wy29JVjY, spiritedhymn
  yDETyGrA, droopyflute
  esWbOclo, scratchycarpenter
  NxmWpz6X, crazytortoise
  Nu04SON2, unlawfulkhan
  7ZMnYWQY, flyinghound
  D0o88tYa, extroverteddrifter
  LUGrSrxP, cloudedpianist
  vsEmXDME, powerfulbank
  oowCap0a, blankaccident
  rNM4Hpcy, nocturnalwarrior
  d7shzajv, fearlesscamel
  Cd5pBXQg, unitedtyrant
  4gE9MoAs, satisfiedcontract
  HrgPILjd, blandfencer
  uBH942ua, merrycomposer
  06cHi5CD, unfitorator
  uxzDYEFa, unnaturalanaconda
  G96YpFFE, rubberydeveloper
  mmYn1JEV, nimbleinfantryman
  nEkp5IeK, wideeditor
  Bs7qrJmN, popularcloak
  JbVU5n8V, ovalmelon
  42rccElp, blandladle
  enMxrTDz, fineplate